GROUP,PACKAGE,CLASS,INSTRUCTION_MISSED,INSTRUCTION_COVERED,BRANCH_MISSED,BRANCH_COVERED,LINE_MISSED,LINE_COVERED,COMPLEXITY_MISSED,COMPLEXITY_COVERED,METHOD_MISSED,METHOD_COVERED
CS5004 Assignment,edu.neu.khoury.cs5004.problem1,Hub,40,15,0,0,9,6,3,1,3,1
CS5004 Assignment,edu.neu.khoury.cs5004.problem1,ParsedCsV,0,43,0,0,0,10,0,5,0,5
CS5004 Assignment,edu.neu.khoury.cs5004.problem1,IParser,0,31,0,4,0,7,0,4,0,2
CS5004 Assignment,edu.neu.khoury.cs5004.problem1,ParsedTemplate,0,15,0,0,0,6,0,3,0,3
CS5004 Assignment,edu.neu.khoury.cs5004.problem1,ITemplateParser,0,12,0,2,0,3,0,2,0,1
CS5004 Assignment,edu.neu.khoury.cs5004.problem1,CsVParser,15,229,1,15,5,49,2,19,1,12
CS5004 Assignment,edu.neu.khoury.cs5004.problem1,App,11,0,0,0,5,0,2,0,2,0
CS5004 Assignment,edu.neu.khoury.cs5004.problem1,AbstractArgHandler,33,368,14,54,9,60,15,33,1,10
CS5004 Assignment,edu.neu.khoury.cs5004.problem1,TemplateWriter,144,0,6,0,21,0,6,0,3,0
CS5004 Assignment,edu.neu.khoury.cs5004.problem1,IncorrectArgumentFormat,0,4,0,0,0,2,0,1,0,1
CS5004 Assignment,edu.neu.khoury.cs5004.problem1,TemplateParser,0,94,1,5,0,24,1,7,0,5
